Type,Fatal crash number,Number of Fatalities,Case Number,Location,Area,Date,Month,Day,Hour,Time,Related,Killed driver pass,Speeding,Ran red light or stop sign,DL status incident ,Suspected Impairment,Restraint helmet,Type of road,Failure to stop and render aid,X coord,Y coord,Year
Motor Vehicle,1,1,17-0030106,8200 blk N. Lamar Blvd,ED,01-03-2017,Jan,Tue,1,01:55,MV/FO,driver,Y,N,okay,DRIVER,seatbelt worn,high use roadway,N,-97.709153,30.350809,2017
Bicycle,2,1,17-0080877,Research Blvd SVRD NB/Riata Trace Pkwy,AD,01-08-2017,Jan,Sun,15,15:32,MV/Bike,n/a,N,Y,suspended,NONE ,helmet worn,other highway,N,-97.753497,30.426752,2017
Motor Vehicle,3,1,17-0071308,E US Hwy 290 WB Svrd/Johnny Morris,CH,01-07-2017,Jan,Sat,21,21:06,MV/MV,other driver,Y,N,no DL,DRIVER ,unknown,other highway,Y,-97.623275,30.33123,2017
Motor Vehicle,4,1,17-0150225,13500 N US 183 NB,AD,01/15/2017,Jan,Sun,2,02:19,MV/MV,passenger,N,N,no DL,BOTH Drivers,no seatbelt,other highway,N,-97.790548,30.449598,2017
Pedestrian,5,1,17-0110340,5900 blk N IH35,ID,01-11-2017,Jan,Wed,6,06:51,MV/Ped,n/a,N,N,okay,PED,n/a,IH35,N,-97.706646,30.320762,2017
Motor Vehicle,6,1,17-0360196,13100 S IH35 SB,FR,02-05-2017,Feb,Sun,3,03:41,MV/FO,driver,N,N,okay,DRIVER,seatbelt worn,IH35,N,-97.807729,30.111226,2017
Motor Vehicle,7,1,17-0381961,6600 Blk E Ben White WB SVRD,HE,02-07-2017,Feb,Tue,23,23:24,MV/FO,driver,Y,N,okay,DRIVER,no seatbelt,IH35,N,-97.707257,30.213443,2017
Motor Vehicle,8,1,17-0501713,Capital of Texas Hwy/Lakewood Dr,BA,02/19/2017,Feb,Sun,23,23:14,MV/MV,driver,Y,N,okay,NONE,seatbelts worn,high use roadway,N,-97.78569,30.371658,2017
Motorcycle,9,1,17-0531085,6100 E. US Highway 290,ID,02/22/2017,Feb,Wed,15,15:15,MC/other,mc driver,Y,N,no DL,NONE,helmet worn,other highway,N,-97.708229,30.321594,2017
Motor Vehicle,10,1,17-0480200,Ed Bluestein Boulevard and Loyola Lane,CH,02/17/2017,Feb,Fri,2,02:48,MV/MV,driver,Y,N,no DL,DRIVER  ,seatbelt worn,other highway,N,-97.660994,30.302634,2017
Motor Vehicle,11,1,17-0701330,Fleter Ln/Burleson Road,HE,03-11-2017,Mar,Sat,20,20:44,MV/MV,driver,N,Y,no dl,DRIVER,no seatbelt,high use roadway,N,-97.704747,30.197431,2017
Bicycle,12,1,17-0732104,4800 Blk # MLK Blvd,CH,03/14/2017,Mar,Tue,23,23:42,MV/Bike,bicyclist,N,N,okay,BOTH   ,no helmet,high use roadway,N,-97.678834,30.286215,2017
Motor Vehicle,13,1,17-0770668,4200 Southwest Pkwy,DA,03/18/2017,Mar,Sat,8,08:07,MV/FO,driver,Y,N,okay,DRIVER,seatbelt worn,high use roadway,N,-97.826565,30.239929,2017
Pedestrian,14,1,17-0710136,10010 N Lamar Blvd,ED,03-12-2017,Mar,Sun,1,01:21,MV/Ped,ped,N,N,okay,PED,n/a,high use roadway,N,-97.693053,30.370097,2017
Pedestrian,15,1,17-0780309,11600 Burnet,AD,03/19/2017,Mar,Sun,2,02:31,MV/Ped,ped,N,unk,suspended,PED,n/a,high use roadway,N,-97.717858,30.401852,2017
Pedestrian,16,1,17-0830563,1830 E. Anderson Ln WB,ID,03/24/2017,Mar,Fri,11,11:56,MV/Ped,ped,N,N,okay,NONE ,n/a,high use roadway,N,-97.68631,30.332499,2017
Bicycle,17,1,17-0871629,1803 S. 1st Street,DA,03/28/2017,Mar,Tue,19,19:26,MV/Bike,bicyclist,N,N,okay,DRIVER/BICYCLIST,no helmet,high use roadway,N,-97.755834,30.24743,2017
Motor Vehicle,18,1,17-0890705,US Hwy 290 WB frontage/Cameron Road,ID,03/30/2017,Mar,Thu,11,11:12,MV/MV,passenger,N,Y,okay,NONE,seatbelt worn,high use roadway,N,-97.694956,30.321868,2017
Pedestrian,19,1,17-0941734,800 E William Cannon,FR,04-04-2017,Apr,Tue,21,21:06,MV/PED,ped,N,N,unk,PED,n/a,high use roadway,Y,-97.771719,30.191007,2017
Motor Vehicle,20,2,17-0980238,3400 S SH130 SB,HE,04-08-2017,Apr,Sat,4,04:43,MV/MV,driver and driver other,unk,N,suspended,DRIVER,seatbelts worn,other highway,N,-97.622752,30.199905,2017
Motor Vehicle,21,2,17-0980393,9100 W SH71,DA,04-08-2017,Apr,Sat,9,09:52,MV/MV,driver and driver other,N,N,no DL,NONE,seatbelts worn,other highway,N,-97.904446,30.257222,2017
Motorcycle,22,1,17-1071522,3730 Manor Rd,BA,04/17/2017,Apr,Mon,19,19:21,MC/MV,motorcycle driver,N,N,no MC,NONE,no helmet,local,n,-97.694928,30.290123,2017
Motorcycle,23,1,17-1151237,N Mopac SVRD SB/Research Blvd SVRD SB,BA,04/25/2017,Apr,Tue,16,16:19,MC/other,motorcycle driver,N,N,okay,NONE,helmet worn,other highway,n,-97.733094,30.376402,2017
Motor Vehicle,24,1,17-1191031,4500 blk E William Cannon,FR,04/29/2017,Apr,Sat,13,13:52,MV/ROR,driver,Y,N,suspended,DRIVER,no seatbelt,high use roadway,n,-97.754884,30.184113,2017
Pedestrian,25,1,17-1170279,2500 E Stassney Ln,FR,04/27/2017,Apr,Thu,6,06:23,MV/Ped,ped,N,N,suspended,NONE,n/a,high use roadway,n,-97.7472,30.193826,2017
Motor Vehicle,26,1,17-1210792,3800 Airport Blvd,CH,05-01-2017,May,Mon,12,12:02,MV/MV,driver,Y,N,no DL,DRIVER,seatbelt worn,high use roadway,n,-97.703222,30.321727,2017
Motor Vehicle,27,1,17-1501748,400 E Wm Cannon,FR,05/30/2017,May,Tue,21,21:18,MV/ROR,driver,Y,N,no DL,DRIVER,no seatbelt,high use roadway,N,-97.775425,30.192018,2017
Motor Vehicle,28,1,17-1560274,FM 973/SH 71 WB Svrd,HE,06-05-2017,Jun,Mon,6,06:15,MV/MV,driver,N,Y,okay,NONE,seatbelt worn,other highway,N,-97.639116,30.203154,2017
Motor Vehicle,29,1,17-1611733,1300 blk Anderson Ln,ID,06-10-2017,Jun,Sat,22,22:28,MV/MV,driver,N,N,okay,Driver,seatbelt worn,high use roadway,N,-97.718512,30.350281,2017
Pedestrian,30,1,17-1621547,1700 Springdale Rd,CH,06-11-2017,Jun,Sun,21,21:18,MV/Ped,ped,N,N,okay,NONE ,n/a,local,N,-97.684266,30.283327,2017
Motor Vehicle,31,1,17-1890048,8500 FM 2222,AD,07-08-2017,Jul,Sat,0,00:30,MV/FO,driver,N,N,suspended,DRIVER ,seatbelt worn,high use roadway,N,-97.81214,30.382159,2017
Motor Vehicle,32,1,17-1941615,Capital of Texas Hwy/Courtyard Dr,BA,07/13/2017,Jul,Thu,20,20:59,MV/MV,other driver,unk,,okay,NONE,seatbelt worn,other highway,N,-97.795281,30.352448,2017
Pedestrian,33,1,17-1981784,E Braker/IH35 SVRD,ED,07/17/2017,Jul,Thu,22,22:58,MV/Ped,ped,N,N,okay,NONE,n/a,high use roadway,N,-97.675583,30.376949,2017
Motor Vehicle,34,1,17-2080502,800 blk Bastrop Hwy,HE,07/27/2017,Jul,Sun,8,08:52,MV/MV,passenger,N,N,okay,NONE,seatbelt worn,other highway,N,-97.683061,30.229561,2017
Motorcycle,35,1,17-2141370,1100 Pearl Retreat Ln,ED,08-02-2017,Aug,Wed,21,21:43,MC/FO,motorcycle driver,Y,N,okay,NONE,"worn, but came off",local,N,-97.653458,30.394508,2017
Pedestrian,36,1,17-2151598,8300 N IH 35 NB,ED,08-03-2017,Aug,Thu,21,21:25,MV/Ped,ped,N,N,okay,PED,n/a,I35,N,-97.696045,30.345376,2017
Motor Vehicle,37,1,17-2171698,Elm Creek Dr / E William Cannon Dr,FR,08-05-2017,Aug,Sat,23,23:06,MV/MV,driver,Y,N,no DL,DRIVER,seatbelt worn,high use roadway,Y,-97.76287,30.187706,2017
Motorcycle,38,1,17-2180064,2500 S Lamar,DA,08-06-2017,Aug,Sun,0,00:33,MV/MC,motorcycle driver,N,N,okay,NONE,helmet worn,high use roadway,N,-97.778115,30.246489,2017
Pedestrian,39,1,17-2190051,3600 S Congress,DA,08-07-2017,Aug,Mon,1,01:48,MV/Ped,ped,N,N,no DL,PED ,n/a,alley,Y,-97.761191,30.228058,2017
Motor Vehicle,40,1,17-2260242,6900 N Lamar,ID,08/14/2017,Aug,Mon,5,05:32,MV/FO,driver,Y,n,okay,NONE,no seatbelt,high use roadway,n,-97.719555,30.336702,2017
Pedestrian,41,1,17-2350340,3100 US 183 Hwy SB,HE,08/23/2017,Aug,Wed,7,07:14,MV/Ped,ped,unk,N,unknown,PED,n/a,other highway,Y,-97.683536,30.203971,2017
Motor Vehicle,42,1,17-2460227,13800 N US 183 Hwy NB,AD,09-03-2017,Sep,Sun,2,02:22,MV/FO,driver,Y,N,okay,none,no seatbelt,other highway,N,-97.795248,30.465592,2017
Pedestrian,43,1,17-2471532,1598 W Wells Branch PKWY,ED,09-04-2017,Sep,Mon,21,21:44,MV/Ped,ped,unk,N,suspended,UNKNOWN   ,n/a,high use roadway,Y,-97.669327,30.44026,2017
Motor Vehicle,44,1,17-2481396,4300 S US 183 Hwy SB,HE,09-05-2017,Sep,Tue,22,22:18,MV/FO,driver,Y,N,okay,Driver,seatbelt worn,other highway,N,-97.685973,30.188846,2017
Motor Vehicle,45,1,17-2361605,1600 blk S IH35 NB,HE,08/24/2017,Aug,Thu,20,20:27,MV/MV,passenger,N,N,okay,NONE,seatbelt worn,IH35,N,-97.736871,30.240816,2017
Pedestrian,46,1,17-2500282,6600 blk McNeil Dr,AD,09-07-2017,Sep,Thu,5,05:49,MV/Ped,ped,N,N,okay,PED,n/a,local,N,-97.755406,30.438991,2017
Motor Vehicle,47,1,17-2450905,Willow Creek/E Riverside Dr,HE,09-02-2017,Sep,Sat,14,14:00,MV/MV,passenger,N,N,okay,NONE,unknown,local,N,-97.725656,30.23768,2017
Motor Vehicle,48,1,17-2680216,5500 N Capital of Texas Hwy,BA,09/25/2017,Sep,Mon,5,05:14,MV/MV,driver,N,N,okay,NONE,no seatbelt,local,N,-97.795281,30.352448,2017
Bicycle,49,1,17-2650203,600 blk W. 5th Street,GE,09/22/2017,Sep,Fri,2,02:28,MV/Bike,bicyclist,N,N,okay,BICYLIST,no helmet,local,N,-97.748779,30.268678,2017
Pedestrian,50,1,17-2831149,9300 blk Parkfield Dr,ED,10-10-2017,Oct,Tue,16,16:29,MV/Ped,ped,Y,N,unknown,PED,n/a,local,Y,-97.706726,30.366617,2017
Pedestrian,51,1,17-2850475,E Cesar Chavez/NB I-35 SVRD,GE,10-12-2017,Oct,Thu,10,10:37,MV/Ped,ped,n,n,okay,NONE,n/a,local,N,-97.735255,30.263801,2017
Pedestrian,52,1,17-2861375,100 blk Robert T Martinez Jr. Street,CH,10/13/2017,Oct,Fri,19,19:36,MV/Ped,ped,N,N,no DL,none,n/a,local,N,-97.720683,30.255787,2017
Pedestrian,53,1,17-2890294,5000 blk E Stassney Ln,FR,10/16/2017,Oct,Mon,5,05:57,MV/Ped,ped,N,N,okay,PED,n/a,high use roadway,N,-97.739666,30.19363,2017
Pedestrian,54,1,17-3001690,3401 S Lamar Blvd,DA,10/27/2017,Oct,Sat,21,21:00,MV/Ped,ped,N,N,okay,PED,n/a,high use roadway,N,-97.78614,30.240842,2017
Motorcycle,55,1,17-3021271,Comal/7th Street,GE,10/29/2017,Oct,Sun,18,18:13,MV/MC,mc driver,Y,Y,okay,MOTORCYCLE DRIVER ,helmet worn,local,N,-97.726138,30.263954,2017
Pedestrian,56,1,17-3041428,Willow/Chicon,CH,10/31/2017,Oct,Tue,20,20:35,MV/Ped,ped,N,N,unknown,UNKNOWN   ,n/a,local,Y,-97.725024,30.256208,2017
Motorcycle,57,1,17-3090297,1308 Thornberry,HE,11-05-2017,Nov,Sun,2,02:19,MC/FO,motorcycle driver,Y,N,no DL,Driver,helmet worn,local,N,-97.664369,30.222797,2017
Motor Vehicle,58,1,17-3091672,Spicewood Springs/Scotland Well Dr,AD,11-05-2017,Nov,Sun,22,22:19,MV/FO,driver,Y,N,suspended,Driver,seatbelts worn,local,n,-97.793613,30.422528,2017
Motor Vehicle,59,3,17-3150989,9400 blk Research Blvd,BA,11-11-2017,Nov,Sat,15,15:32,MV/MV,driver and 2 passenger ,N,N,okay,DRIVER,seatbelts worn,other highway,N,-97.743921,30.386784,2017
Motor Vehicle,60,2,17-3151167,Riverside/Vargas Rd,HE,11-11-2017,Nov,Sat,22,22:37,MV/FO,driver and passenger,Y,N,no DL,Driver,yes,high use roadway,N,-97.701118,30.224027,2017
Pedestrian,61,1,17-3241448,5300 blk IH35 SB,ID,11/20/2017,Nov,Mon,19,19:44,MV/Ped,ped,N,N,okay,PED ,n/a,IH35,N,-97.70943,30.311346,2017
Motor Vehicle,62,1,17-3271177,4200 E MLK Jr Blvd,CH,11/23/2017,Nov,Thu,22,22:39,MV/MV,driver,Y,N,no DL,Driver,unknown,local,N,-97.688968,30.284871,2017
Pedestrian,63,1,17-3281208,800 blk W Slaughter,FR,11/24/2017,Nov,Fri,20,20:01,MV/Ped,ped,N,N,okay,PED,n/a,high use roadway,N,-97.805879,30.174032,2017
Pedestrian,64,1,17-3281397,13900 S IH 35 SB,FR,11/24/2017,Nov,Fri,22,22:14,MV/Ped,ped,N,N,okay,none,n/a,IH35,N,-97.812755,30.100462,2017
Motorcycle,65,1,17-3370167,10700 N Lamar BLVD,Ed,12-03-2017,DEC,Sun,1,01:21,MV/MC,driver,Y,N,okay,NONE ,helmet worn,high use roadway,N,-97.689372,30.376617,2017
Pedestrian,66,1,17-3371099,13100 N IH 35 SB,ED,12-03-2017,DEC,Sun,16,16:25,MV/Ped,ped,N,N,okay,PED,n/a,IH35,N,-97.673273,30.414601,2017
Motorcycle,67,1,17-3380841,8300 Research Blvd Svrd,ID,12-04-2017,DEC,Mon,13,13:10,MV/MC,driver,Y,N,suspended,Driver,helmet worn,other highway,n,-97.715069,30.355643,2017
Motorcycle,68,1,17-3390056,800 W Cesar Chavez,GE,12-05-2017,DEC,Tue,0,00:40,MC/FO,Driver,Y,N,suspended,Driver  ,no helmet,local,n,-97.754409,30.266275,2017
Motor Vehicle,69,1,17-3410022,3302 Northeast,ID,12-07-2017,DEC,Thu,0,00:19,MV/FO,passenger,Y,N,no DL,DRIVER,no seatbelt,local,n,-97.67093,30.308889,2017
Motorcycle,70,1,17-3460912,8400 Research Blvd SB,ID,12-12-2017,DEC,Tue,14,14:13,MV/MC,driver,unk,n,okay,NONE,no helmet,other highway,n,-97.715831,30.356976,2017
Motor Vehicle,71,1,17-3550122,2000 Burton Dr,HE,12/21/2017,DEC,Thu,1,01:38,MV/FO,driver,Y,N,okay,DRIVER,no seatbelt,local,n,-97.731792,30.233746,2017
MOTOR VEHICLE,1,2,18-0041689,5600 Block N IH 35 NB,ID,01-04-2018,Jan,Thu,23,23:25,mv/18 Wheel,driver and passenger,n,n,suspended,driver   ,unknown,IH35,n,-97.70766,30.315355,2018
MOTOR VEHICLE,2,1,18-0160882,1500 W Slaughter Ln,FR,01/16/2018,Jan,Tue,17,17:14,MV/ROR,passenger,n,n,ok,none,seatbelt worn,High Use Road,n,-97.817994,30.173921,2018
Motorcycle,3,1,18-0241249,500 blk E Howard Ln,ED,01/24/2018,Jan,Wed,18,18:31,MV/MC,driver  ,n,no,no DL,Driver,no helmet,local,n,-97.654502,30.414118,2018
MOTOR VEHICLE,4,1,18-0280382,3600 s mopac expy SB,DA,01/28/2018,Jan,Sun,5,05:00,MV/ROR,Driver,n,no,ok,Driver,seatbelt worn,Other Highway,n,-97.807409,30.245719,2018
Pedestrian,5,1,18-0301394,1650 E Anderson LN EB,ID,01/30/2018,Jan,Tue,22,22:49,MV/Ped,n/a,n,no,ok,none,unknown,Other Highway,unk,-97.696643,30.337206,2018
Motorcycle,6,1,18-0400212,Red River St / Luther Ln,BA,02-09-2018,Feb,Fri,3,03:07,MV/MC,moped driver,n,no,ok,Driver,no helmet,local street,Y,-97.725208,30.293554,2018
Bicycle,7,1,18-0290542,4805 Teri Rd,FR,01/29/2018,Jan,Mon,12,12:18,MV/BI,n/a,unk,unk,unk,bicyclist,no helmet,local street,Y,-97.741091,30.195555,2018
Pedestrian,8,1,18-0371243,7300 E Riverside Dr,HE,02-06-2018,Feb,Tue,19,19:07,MV/Ped,n/a,n,n,ok,none,n/a,High Use Road,n,-97.693544,30.220213,2018
Pedestrian,9,1,18-0481490,Southpark Meadows Dr / W Slaughter Ln,FR,02/17/2018,Feb,Sat,20,20:40,MV/PED,n/a,n,n,ok,Ped,n/a,High Use Road,n,-97.795827,30.16928,2018
MOTOR VEHICLE,10,1,18-0541731,6500 Decker Ln,CH,02/23/2018,Feb,Fri,22,22:32,MV/MV,driver,unk,n,ok,none,no seatbelts,High Use Road,Y,-97.629246,30.289229,2018
Pedestrian,11,1,18-0590287,800 E Slaughter Ln,FR,02/28/2018,Feb,Wed,6,06:36,MV/Ped,n/a,n,Y,ok,none,n/a,High Use Road,n,-97.776712,30.160235,2018
MOTOR VEHICLE,12,1,18-0721247,W Howard Ln / Mc Callen Pass,ED,03/13/2018,Mar,Tue,16,16:31,MV/MV,driver,y,n,ok,driver,seatbelt worn,High Use Road,n,-97.660947,30.419407,2018
Pedestrian,13,1,18-0741868,20 Block IH 35 NB,GE,03/15/2018,Mar,Thu,20,20:45,MV/Ped,n/a,unk,n,unk,none,n/a,IH35,n,-97.736178,30.252381,2018
MOTOR VEHICLE,14,1,18-0840342,10300 S Mopac Expy NB,DA,03/23/2018,Mar,Sun,4,04:31,mv/fo,driver,y,n,ok,driver,no seatbelts,Other Highway,n,-97.873301,30.190415,2018
Motor Vehicle,15,1,18-0700966,1100 N Capital of Texas Hwy NB,BA,03-11-2018,Mar,Sun,14,14:38,MV/FO,driver,n,n,exp DL,none,unknown,Other Highway,n,-97.826068,30.315459,2018
MOTOR VEHICLE,16,1,18-0990064,6600 S Congress Ave,FR,04-09-2018,Apr,Mon,1,01:09,MV/FO,driver,y,n,no DL,NONE,,High Use Road,n,-97.778818,30.193076,2018
Pedestrian,17,1,18-1010078,8900 Block S IH 35 NB,FR,04-11-2018,Apr,Wed,1,01:15,MV/Ped,n/a,n,n,suspended,PED  ,n/a,I35,n,-97.784918,30.168472,2018
Motorcycle,18,1,18-1021241,8220 W SH 71,DA,04-12-2018,Apr,Thu,17,17:39,MV/MC,driver,,n,no DL,driver,no helmet,Other Highway,n,-97.888308,30.247001,2018
MOTOR VEHICLE,19,1,18-1060143,N IH 35 SVRD SB / E Cesar Chavez,GE,04/16/2018,Apr,Mon,2,02:24,MV/MV,passenger,,n,no dl,Driver,,local street,n,-97.736767,30.26123,2018
Pedestrian,20,1,18-1110273,8110 S IH 35 SVRD SB,FR,04/21/2018,Apr,Sat,5,05:37,MV/Ped,n/a,,n,ok,ped,n/a,I35,n,-97.780688,30.175964,2018
MOTOR VEHICLE,21,1,18-1210147,700 W Stassney Ln,DA,05-01-2018,May,Tue,2,02:50,MV/FO,driver,y,n,exp DL,driver,no seatbelts,High Use Road,n,-97.781513,30.208448,2018
Pedestrian,22,1,18-1270120,7800 N IH 35 SVRD SB,ED,05-07-2018,May,Mon,2,02:10,MV/Ped,n/a,unk,n,unk,PED,n/a,I35,Y,-97.698495,30.342328,2018
Pedestrian,23,1,18-1410188,5800 N IH 35 NB,ID,05/21/2018,May,Mon,4,04:23,18 Wheeler/ped,n/a,n,n,ok,Ped ,n/a,I35,N,-97.707128,30.31843,2018
MOTOR VEHICLE,24,1,18-1460542,7600 FM 969 RD,CH,05/26/2018,May,Sat,9,09:42,MV/MV,driver,n,n,no DL,Driver,unknown,High Use Road,n,-97.647999,30.280828,2018
Pedestrian,25,1,18-1581683,airport / springdale,ch,06-07-2018,June,Thu,21,21:19,MV/Ped,n/a,n,n,ok,none,n/a,High Use Road,n,-97.695509,30.26561,2018
MOTOR VEHICLE,26,1,18-1611120, Harris Branch Pkwy / E US 290 HWY SVRD WB,CH,06-10-2018,June,Sun,16,16:48,mv/18 Wheel,Driver,n,unk,no DL,Driver ,seatbelt worn,Other Highway,n,-97.607618,30.335029,2018
Motorcycle,27,1,18-1610266,7300 Decker Ln,CH,06-10-2018,June,Sun,3,03:03,MV/MC,Driver,n,n,suspended,none,no helmet,High Use Road,n,-97.623247,30.298567,2018
Motorcycle,28,1,18-1591949,7700 Decker,CH,06-08-2018,June,Fri,22,22:41,MV/MC,passenger,n,n,ok,none,no helmet,High Use Road,n,-97.620607,30.302631,2018
Motorcycle,29,1,18-1642041,Springdale / Webberville,CH,06/13/2018,June,Wed,23,23:26,MC/FO,driver,y,n,ok,driver,no helmet,High Use Road,n,-97.688539,30.276482,2018
MOTOR VEHICLE,30,1,18-1840847,3400 E SH 71 WB,HE,07-03-2018,July,Tue,11,11:59,18 wheeler/ROR,driver,unk,n,exp DL,Driver,unknown,Other Highway,n,-97.636618,30.201436,2018
Motor Vehicle,31,1,18-1901077,1389 W Cesar Chavez,BA,07-09-2018,July,Mon,15,15:43,Mv/Mv,driver,unk,n,ok,none,unknown,High Use Road,n,-97.761409,30.269339,2018
Pedestrian,32,1,18-1941661,800 Rutland DR,ED,07/13/2018,July,Fri,21,21:05,MV/ped,n/a,n,n,DL invalid,none (pending),n/a,local street,n,-97.695997,30.36487,2018
Pedestrian,33,1,18-2040297,5700 W Parmer Lane,AD,07/23/2018,July,Mon,6,06:29,MV/Ped,n/a,unk,n,unk,unk,n/a,High Use Road,Y,-97.738552,30.439205,2018
Motorcycle,34,1,18-2041737,7612 Bluff Springs,FR,07/23/2018,July,Mon,22,22:20,MV/MC,driver,n,n,DL suspended,driver,no helmet,local street,n,-97.769418,30.174329,2018
MOTOR VEHICLE,35,1,18-1960333,3500 Block N IH 35 NB,BA,07/15/2018,July,Sun,7,07:14,MV/18 Wheeler,driver,n,n,DL suspended,none,no seatbelts,I35,n,-97.719588,30.294971,2018
Pedestrian,36,1,18-2070435,1000 Block E Anderson Ln EB SVRD,ID,07/26/2018,July,Thu,8,08:40,MV/PED,n/a,n,n,ok,none,n/a,High Use Road,n,-97.693189,30.336078,2018
Pedestrian,37,1,18-2080287,500 blk of N IH 35 SB,GE,07/27/2018,July,Fri,21,21:17,18 Wheeler/ped,n/a,n,n,ok,none,n/a,I35,n,-97.735372,30.26398,2018
Pedestrian,38,1,18-2101672,Manchaca RD / Fort View RD,DA,07/29/2018,July,Sun,22,22:36,MV/PED,n/a,n,n,ok,none (pending),n/a,High Use Road,n,-97.833266,30.153267,2018
Pedestrian,39,1,18-2130392,600 W Ben White Blvd Svrd EB,DA,08-01-2018,Aug,Wed,7,07:58,MV/Ped,n/a,n,n,DL suspended,Driver,n/a,Other Highway,y,-97.76918,30.226975,2018
Motorcycle,40,1,18-2191531,7400 Vintage Hills Dr,ID,08-07-2018,Aug,Tues,18,18:52,mc/fo,driver,n,n,DL suspended,driver,no helmet,local street,n,-97.666009,30.319215,2018
MOTOR VEHICLE,41,1,18-2290031,12100 N IH 35 SVRD NB,ED,08/17/2018,Aug,Fri,0,00:27,MV/ROR,driver,y,n,ok,driver,unknown,I35,n,-97.671294,30.394254,2018
Motor Vehicle,43,1,18-2330240,500 s Pleasant Valley Rd,HE,08/21/2018,Aug,Tue,6,06:35,MV/MV,driver,n,n,ok,driver,no seatbelts,local street,n,-97.714946,30.246111,2018
MOTOR VEHICLE,44,1,18-2341687,N IH 35 SVRD NB / E US 290 HWY SVRD EB,ID,08/22/2018,Aug,Wed,20,20:50,MV/MV,passenger,n,y,ok,Driver,unknown,Other Highway,y,-97.70577,30.324017,2018
MOTOR VEHICLE,45,1,18-2370139,1500 E SH 71 EB,HE,08/25/2018,Aug,Sat,1,01:24,MV/ROR,passenger,y,n,no DL,Driver (pending),unknown,Other Highway,n,-97.678288,30.222321,2018
Pedestrian,46,1,18-2271613,6900 Block Guadalupe St,ID,08/16/2018,Aug,Thu,21,21:17,MV/PED,n/a,n,n,ok,Ped (pending),unknown,local street,n,-97.716408,30.334759,2018
MOTOR VEHICLE,47,1,18-2330203,10700 N IH 35 NB,ED,08/21/2018,Aug,Tue,6,06:00,MV/ROR,Driver,n,n,DL suspended,Driver (pending),,I35,n,-97.679711,30.371187,2018
Pedestrian,48,1,18-2450389,12200 Dessau Rd,ED,09-02-2018,Sep,Sun,7,07:44,MV/Ped,n/a,unk,n,unk,unk,n/a,High Use Road,y,-97.648821,30.386275,2018
Pedestrian,49,1,18-2451655,4200 Block S Lamar Blvd SB,DA,09-02-2018,Sep,Sun,22,22:12,mv/ped,n/a,n,n,ok,Ped,n/a,High Use Road,n,-97.794904,30.234999,2018
Pedestrian,50,1,18-2300199,720 N IH 35 SVRD SB #700,GE,08/18/2018,Aug,Sat,2,02:33,MV/Ped,n/a,n,n,no DL,Driver,n/a,I35,y,-97.734654,30.26685,2018
Pedestrian,51,1,18-2541731,1800 E 71 WB,HE,09-11-2018,Sep,Tue,22,22:29,Mv/ped,n/a,n,n,ok,none (pending),n/a,Other Highway,n,-97.67175,30.220067,2018
MOTOR VEHICLE,52,1,18-2650690,E US 290 EB to N 130 NB Ramp / E US 290 HWY EB,CH,09/22/2018,Sep,Sat,10,10:28,MV/MV,passenger,n,y,no DL,none (pending),no seatbelts,Other Highway,n,-97.6005,30.336722,2018
Pedestrian,53,1,18-2631843,1000 E St Johns Ave,ID,09/20/2018,Sep,Thu,23,23:36,MV/Ped,n/a,n,n,ok,Ped,n/a,local street,n,-97.699319,30.33063,2018
MOTOR VEHICLE,54,1,18-2760038,2500 N IH 35 SB,BA,10-03-2018,Oct,Wed,0,00:24,MV/18-Wheeler,driver,y,n,ok,none,,I35,n,-97.725174,30.286215,2018
Pedestrian,55,1,18-2830122,Elkhart St / E Cesar Chavez St,CH,10-10-2018,Oct,Wed,2,02:05,MV/Ped,n/a,unk,n,unk,none (pending),n/a,local street,y,-97.722648,30.256432,2018
Pedestrian,56,1,18-2850362,7200 N IH 35 NB,ID,10-12-2018,Oct,Fri,6,06:32,MV/Ped,n/a,n,n,ok,ped,n/a,I35,n,-97.706183,30.325331,2018
Motor Vehicle,57,1,18-2851504,12700 Research Blvd SVRD SB,AD,10-12-2018,Oct,Fri,17,17:52,MV/MV,driver,n,n,ok,none (pending),ok,Other Highway,n,-97.764931,30.431523,2018
MOTOR VEHICLE,58,1,18-2891458,4000 E SH 71 SVRD WB,HE,10/16/2018,Oct,Tue,19,19:52,MV/MV,driver,n,y,DL suspended,none,ok,Other Highway,n,-97.786208,30.166851,2018
MOTOR VEHICLE,59,1,18-2900992,1200 FM 1327 RD,FR,10/17/2018,Oct,Wed,15,15:07,MV/18-Wheeler,driver,n,n,ok,Driver,ok,Other Highway,n,-97.801692,30.11288,2018
Pedestrian,60,1,18-2920183,2400 S Lamar BLVD,DA,10/19/2018,Oct,Fri,2,02:20,MV/Ped,n/a,n,n,ok,Driver,n/a,local street,n,-97.777183,30.246924,2018
Pedestrian,61,1,18-3030060,8200 N IH 35 NB,ED,10/30/2018,Oct,Tue,3,03:50,18 Wheeler/ped,n/a,n,n,ok,Ped,n/a,I35,n,-97.696678,30.344394,2018
MOTOR VEHICLE,62,1,18-3011849,1200 Block W Oltorf St,DA,10/29/2018,Oct,Sun,22,22:46,MV/FO,driver,n,n,,driver,ok,local street,n,-97.767831,30.245127,2018
Pedestrian,63,1,18-3060392,Machaca Rd / Berkett Dr,DA,11-02-2018,Nov,Fri,11,11:52,MV/PED,n/a,n,n,ok,none,n/a,High Use Road,n,-97.803619,30.210518,2018
Pedestrian,64,1,18-3070057,11400 N Mopac Expy SB,AD,11-03-2018,Nov,Sat,0,00:33,MV/Ped,n/a,n,n,ok,Ped,n/a,Other Highway,n,-97.728448,30.402582,2018
Pedestrian,65,1,18-3080613,1100 N IH35 NB,CH,11-04-2018,Nov,Sun,1,01:40,MV/Ped,n/a,n,n,unk,Ped,n/a,I35,y,-97.732256,30.271853,2018
MOTOR VEHICLE,66,1,18-3131903,FM 969 Rd / Regency Dr,CH,11-09-2018,Nov,Fri,21,21:43,MV/MV,passenger,y,n,ok,driver ,ok,High Use Road,n,-97.661974,30.28507,2018
Bicycle,67,1,18-3131550,1602 E Parmer Ln,ED,11-09-2018,Nov,Fri,18,18:23,MV/Bi,n/a,n,n,expired,none (pending),ok,High Use Road,n,-97.650619,30.388337,2018
MOTOR VEHICLE,68,1,18-3260732,14500 N 183A HWY NB,AD,11/22/2018,Nov,Thu,15,15:17,MV/FO,Driver,n,n,ok,none (pending),ok,Other Highway,n,-97.804553,30.484374,2018
Pedestrian,69,1,18-3310794,7509 N IH 35 SVRD NB,ID,11/27/2018,Nov,Tue,13,13:46,18 wheeler/ped,n/a,n,n,ok,ped,n/a,I35,n,-97.70157,30.335968,2018
MOTOR VEHICLE,70,1,18-3331578,Research Blvd SVRD SB / MC Cann Dr,,11/29/2018,Nov,Thu,19,19:48,MV/FO,driver,y,n,ok,driver (pending),ok,Other Highway,n,-97.728905,30.37397,2018
Pedestrian,71,1,18-3350146,900 Springdale Rd,CH,12-01-2018,Dec,Sat,1,01:28,MV/PED,n/a,unk,n,unk,Ped (pending),n/a,local street,y,-97.698705,30.260667,2018
MOTOR VEHICLE,72,1,18-3381590,Payton Gin Rd / Research Blvd Svrd NB,ID,12-04-2018,Dec,Tue,20,20:39,MV/MV,driver,y,n,ok,Driver (Pending),ok,Other Highway,n,-97.717789,30.365314,2018
Motorcycle,73,1,18-3551763,10200 N MOPAC Expwy SB,AD,12/21/2018,Dec,Fri,20,20:21,MV/MC,n/a,n,n,ok,Driver (Pending),no helmet,Other Highway,n,-97.734239,30.390881,2018
MOTOR VEHICLE,74,1,18-3640187,S US 183 HWY SB / E BEN White EB to 183 SB Ramp,HE,12/30/2018,Dec,Sun,2,02:24,MV/ROR,passenger,n,n,ok,Driver,no seatbelts,Other Highway,n,-97.678343,30.222337,2018
Pedestrian,1,1,19-0150158,10500 N IH 35 SB,ED,January 15 2019,Jan,Tue,6,06:19,18 wheeler/ped,n/a,FALSE,FALSE,ok,ped,n/a,IH35,FALSE,-97.681335,30.368955,2019
Motor Vehicle,2,1,19-0161105,W William Cannon Dr / Ridge Oak Rd,DA,January 16 2019,Jan,Wed,15,15:42,MV/MV,driver,FALSE,TRUE,ok,none,seatbelts worn,Local Street,FALSE,-97.861421,30.228131,2019
Pedestrian,3,1,19-0081623,3600 Block S Capital of Texas HWY SB,DA,January 08 2019,Jan,Tue,21,21:37,MV/ped,n/a,FALSE,FALSE,no dl,none,n/a,Other Highway,FALSE,-97.801933,30.243596,2019
Pedestrian,4,1,19-0260086,6900 N IH 35 SB,ID,January 26 2019,Jan,Sat,1,01:03,mv/ped,n/a,FALSE,FALSE,ok,ped,n/a,IH35,FALSE,-97.705467,30.330291,2019
Pedestrian,5,1,19-0320079,N IH 35 SVRD SB / E 6th St,GE,February 01 2019,Feb,Fri,0,00:52,MV/ped,n/a,FALSE,FALSE,ok,ped,No helmet - scooter,Local Street,FALSE,-97.735003,30.265881,2019
Motorcycle,6,1,19-0370320,1000 W Oltorf,DA,February 06 2019,Feb,Wed,7,07:01,MV/MC,driver,FALSE,FALSE,ok,none,helmet worn,Local Street,FALSE,-97.76508,30.244264,2019
Motor vehicle,7,1,19-0400694,6000 Block Springdale Rd,ID,February 09 2019,Feb,Sat,12,Dec-48,MV/FO,passenger,TRUE,FALSE,suspended,none,seatbelts worn,local street,FALSE,-97.671406,30.30356,2019
pedestrian,8,1,19-0521569,8140 N Lamar Blvd SB,ED,February 21 2019,Feb,Thu,20,20:30,MV/Ped,n/a,,FALSE,unk,none,n/a,high use road,TRUE,-97.709464,30.350741,2019
pedestrian,9,1,19-0521894,7300 E Riverside Dr,HE,February 21 2019,Feb,Thu,23,23:57,MV/ped,n/a,FALSE,FALSE,ok,ped,n/a,high use road,FALSE,-97.694243,30.220619,2019
Motor vehicle,10,1,19-0581824,Springdale / E 7th St,CH,February 27 2019,Feb,Wed,22,22:25,MV/MV,driver,TRUE,TRUE,suspended,driver,n/a,Local Street,FALSE,-97.701673,30.256036,2019
bicycle,11,1,19-0871796,1300 E Martin Luther King Jr Blvd,Ch,March 28 2019,Mar,Thu,22,22:11,MV/BI,n/a,FALSE,FALSE,ok,bicyclist,No helmet,high use road,FALSE,-97.728487,30.278568,2019
pedestrian,12,1,19-0881844,7300 S Congress Ave,Fr,March 29 2019,Mar,Fri,20,20:18,MV/ped,n/a,FALSE,FALSE,suspended,ped,n/a,high use road,FALSE,-97.781001,30.186518,2019
pedestrian,13,1,19-0761827,30 blk N IH 35 NB,Ch,March 17 2019,Mar,Sun,21,21:31,MV/ped,n/a,FALSE,FALSE,no dl,none,n/a,IH35,FALSE,-97.737028,30.257497,2019
Motor Vehicle,14,1,19-0800389,2300 Teri Ln,Fr,March 21 2019,Mar,Thu,7,07:40,mv/mv,passenger,FALSE,FALSE,no DL,unknown,unk,Local Street,TRUE,-97.747309,30.198738,2019
Motor Vehicle,15,2,19-0921776,500 E Slaughter Ln,Fr,April 02 2019,Apr,Tue,22,22:01,mv/mv,both,FALSE,FALSE,ok,none,seatbelts worn,high use road,FALSE,-97.778539,30.163793,2019
Motor Vehicle,16,1,19-0961200,14225 N SH W EB #14027,AD,April 06 2019,Apr,Sat,15,15:26,MV/MV,driver,FALSE,FALSE,ok,none,seatbelts worn,Other Highway,FALSE,-97.765472,30.47602,2019
Motor Vehicle,17,1,19-0930132,E Wells Branch Pkwy / S Heatherwilde Blvd,Ed,April 03 2019,Apr,Wed,2,02:39,mv/ror,driver,TRUE,TRUE,ok,driver,unk,Local Street,FALSE,-97.652923,30.432672,2019
Pedestrian,18,1,19-1070052,E Stassney / S Congress Ave,DA,April 17 2019,Apr,Wed,1,01:41,mv/ped,n/a,FALSE,FALSE,ok,ped,n/a,high use road,FALSE,-97.774792,30.204945,2019
Motor Vehicle,19,1,19-1070614,Jollyville Rd / Balcones Woods Rd,AD,April 17 2019,Apr,Wed,10,10:22,MV/MV,driver,TRUE,FALSE,ok,none,n/a,high use road,FALSE,-97.747867,30.407795,2019
Motor Vehicle,20,1,19-1080319,8000 block W US 290 HWY,DA,April 18 2019,Apr,Thu,6,06:53,MV/MV,driver,FALSE,FALSE,no dl,driver,n/a,Other Highway,FALSE,-97.890863,30.229444,2019
Motor Vehicle,21,1,19-1080673,S FM 973 Rd / Pearce LN,HE,April 18 2019,Apr,Thu,10,10:15,MV/MV,driver,FALSE,TRUE,suspended,none,seatbelts worn,high use road,FALSE,-97.646623,30.180581,2019
pedestrian,22,1,19-1110655,5600 N IH 35 SB,ID,April 21 2019,Apr,Sun,10,10:38,MV/ped,n/a,FALSE,FALSE,ok,none,n/a,IH35,FALSE,-97.707815,30.315994,2019
Motor Vehicle,23,1,19-1040737,11200 N MOPAC EXPY SB,AD,April 14 2019,Apr,Sun,11,11:06,MV/MV,driver,FALSE,FALSE,ok,none,unk,Other Highway,FALSE,-97.730009,30.40089,2019
Motor Vehicle,24,1,19-1161832,8200 RESEARCH BLVD SVRD SB,ID,April 26 2019,Apr,Fri,20,20:08,MV/MV,driver,TRUE,TRUE,no dl,none,unk,Other Highway,TRUE,-97.715328,30.354776,2019
pedestrian,25,1,19-1220286,8700 N Lamar Blvd,ED,May 02 2019,May,Thu,6,06:09,MV/Ped,n/a,FALSE,FALSE,unk,ped,n/a,high use road,TRUE,-97.702354,30.355748,2019
pedestrian,26,1,19-1270134,100 N IH 35 SB,GE,May 07 2019,May,Tue,2,02:54,MV/Ped,n/a,FALSE,FALSE,ok,ped,seatbelts worn,IH35,FALSE,-97.737007,30.25975,2019
Motor Vehicle,27,1,19-1320369,11000-11400 N IH 35 NB,ED,May 12 2019,May,Sun,3,03:50,MV/MV,driver,FALSE,FALSE,no DL,driver,seatbelts worn,IH35,FALSE,-97.674941,30.378861,2019
Motor Vehicle,28,1,19-1320666,1000 Block S Mopac Expwy NB,DA,May 12 2019,May,Sun,9,09:58,MV/FO,driver,,FALSE,no DL,driver,seatbelts worn,Other Highway,FALSE,-97.785805,30.264557,2019
Motor Vehicle,29,1,19-1321936,12100 N IH 35 SVRD NB,ED,May 12 2019,May,Sun,23,23:35,MV/FO,driver,TRUE,FALSE,no dl,driver,seatbelts worn,IH35,FALSE,-97.671294,30.394254,2019
Motor Vehicle,30,1,19-1380171,Oak Springs / Airport,CH,May 18 2019,May,Sat,1,01:58,MV/MV,driver,FALSE,FALSE,no dl,driver,no seatbelt,high use road,FALSE,-97.697907,30.273556,2019
Pedestrian,31,1,19-1381928,15100 N IH 35 NB,ED,May 18 2019,May,Sat,22,22:54,MV/Ped,n/a,FALSE,FALSE,ok,none,n/a,IH35,FALSE,-97.668116,30.441687,2019
Motor Vehicle,32,1,19-1390962,2700 S Congress Ave,DA,May 19 2019,May,Sun,13,13:15,MV/FO,driver,TRUE,FALSE,suspended,driver,no seatbelt,high use road,FALSE,-97.756365,30.235508,2019
Motor Vehicle,33,1,19-1521857,Morrow St / N Lamar Blvd,ID,June 01 2019,Jun,Sat,22,22:20,MV/MV,passenger,,FALSE,no dl,driver,seatbelts worn,high use road,FALSE,-97.714964,30.343974,2019
Motor Vehicle,34,1,19-1530277,Bundyhill Dr / E Martin Luther King Jr Blvd,CH,June 02 2019,Jun,Sun,2,02:48,MV/ROR,driver,FALSE,TRUE,suspended,driver,no seatbelt,Local Street,FALSE,-97.677311,30.286393,2019
Pedestrian,35,1,19-1540252,12000-12520 S IH 35 SB,FR,June 03 2019,Jun,Mon,5,05:39,MV/ped,n/a,FALSE,FALSE,ok,ped,n/a,IH35,FALSE,-97.801065,30.127707,2019
Motor Vehicle,36,1,19-1590874,8800 N Capital of Texas Hwy SB,AD,June 08 2019,Jun,Sat,12,12:28,MV/MV,driver,TRUE,FALSE,no dl,driver,pending,Other Highway,FALSE,-97.759838,30.388155,2019
Motorcycle,37,1,19-1611200,400 E Oltorf,HE,June 10 2019,Jun,Mon,3,15:53,MV/MC,driver,FALSE,FALSE,no dl,none,helmet worn,Local Street,FALSE,-97.751382,30.237467,2019
Motorcycle,38,1,19-1801699,Webbervile / Springdale,CH,June 29 2019,Jun,Sat,20,20:43,MC/FO,driver,TRUE,FALSE,ok,driver,no helmet,Local Street,FALSE,-97.688539,30.276482,2019
Motor Vehicle,39,1,19-1880028,4604 E Ben White Blvd WB,HE,July 07 2019,Jul,Sun,0,00:15,MV/MV,passenger,FALSE,FALSE,suspended,none,no seatbelt,Other Highway,FALSE,-97.731517,30.214917,2019
Pedestrian,40,1,19-1950368,200 N IH 35 SB,GE,July 14 2019,Jul,Sun,4,04:20,MV/ped,n/a,FALSE,FALSE,ok,none,n/a,IH35,FALSE,-97.735747,30.262956,2019
Motorcycle,41,1,19-2031962,11000 Blk FM 2222,AD,July 22 2019,Jul,Mon,11,11:12,MC/FO,driver,TRUE,FALSE,no DL,driver,helmet worn,high use road,FALSE,-97.848578,30.39648,2019
Pedestrian,42,1,19-2050100,1500 S IH 35 NB,HE,July 24 2019,Jul,Wed,1,01:28,MV/ped,n/a,FALSE,FALSE,ok,ped,n/a,IH 35,FALSE,-97.7349,30.246208,2019
Pedestrian,43,1,19-2080141,8200 Block N IH 35 SB,ED,July 27 2019,Jul,Sat,1,01:37,Ped/18 wheeler,n/a,FALSE,FALSE,ok,ped,n/a,IH 35,FALSE,-97.696888,30.344504,2019
Pedestrian,44,1,19-2090230,8801 Cameron Rd,ED,July 28 2019,Jul,Sun,2,02:37,MV/PED,n/a,FALSE,FALSE,suspended,ped,n/a,high use road,TRUE,-97.677728,30.344825,2019
Pedestrian,45,1,19-2061923,5700 S Congress Ave,FR,July 25 2019,Jul,Thu,22,22:33,MV/ped,n/a,FALSE,FALSE,ok,none,n/a,high use road,FALSE,-97.775209,30.203889,2019
Pedestrian,46,1,19-2160076,W William Cannon Dr / W US 290 HWY,DA,August 04 2019,Aug,Sun,2,02:44,MV/ped,n/a,FALSE,FALSE,ok,ped,n/a,Other Highway,FALSE,-97.86478,30.234056,2019
Motorcycle,47,1,19-2191570,6600 Blk E Howard Ln,CH,August 07 2019,Aug,Wed,19,19:25,MC/FO,driver,FALSE,FALSE,ok,driver,no helmet,Local Street,FALSE,-97.601527,30.376621,2019
Pedestrian,48,1,19-2241378,1800 Block W Parmer Ln,AD,August 12 2019,Aug,Mon,17,17:09,MV/ped,n/a,FALSE,FALSE,ok,ped,n/a,high use road,FALSE,-97.690618,30.413218,2019
Motor vehicle,49,1,19-2280292,3505 Montopolis Dr,HE,August 16 2019,Aug,Fri,3,03:00,MV/fo,passenger,TRUE,FALSE,no dl,none,no seatbelt,Local Street,TRUE,-97.715409,30.207273,2019
Motorcycle,50,2,19-2291933,5700-5703 Mount Bonnell Rd,BA,August 17 2019,Aug,Sat,22,22:21,MV/MC,both,,FALSE,no dl,driver,helmet worn,high use road,FALSE,-97.77695,30.341319,2019
Motor Vehicle,51,1,19-2311712,515 E Slaughter Ln,FR,August 19 2019,Aug,Mon,23,23:55,MV/MV,driver,FALSE,FALSE,ok,driver,no seatbelt,high use road,FALSE,-97.778568,30.164089,2019
bicycle,52,1,19-2351073,4242 S IH 35 SVRD SB #4108,DA,August 23 2019,Aug,Fri,12,12:59,MV/BI,n/a,FALSE,FALSE,ok,bicyclist,no helmet,high use road,FALSE,-97.753002,30.214997,2019
Motor Vehicle,53,1,19-2440191,10214 N IH 35 SVRD SB,ED,September 01 2019,Sep,Sun,1,01:49,MV/FO,Driver,TRUE,FALSE,ok,driver,seatbelts worn,I35,FALSE,-97.682889,30.366994,2019
Motorcycle,54,1,19-2440444,9200 Block Metric Blvd,ED,September 01 2019,Sep,Sun,5,05:17,MV/MC,Driver,FALSE,FALSE,ok,driver,helmet worn,Local Street,FALSE,-97.721749,30.373529,2019
Pedestrian,55,1,19-2450248,1600 N IH 35 SB,BA,September 02 2019,Sep,Mon,3,03:09,Ped/18 wheeler,n/a,FALSE,FALSE,ok,ped,n/a,I35,FALSE,-97.731308,30.275386,2019
Pedestrian,56,1,19-2500231,6500 N IH 35 SB,ID,September 07 2019,Sep,Sat,2,02:20,MV/ped,n/a,FALSE,FALSE,ok,ped,n/a,I35,FALSE,-97.70633,30.326258,2019
Pedestrian,57,1,19-2540094,12400 N IH 35 NB,ED,September 11 2019,Sep,Wed,1,01:40,MV/ped,n/a,FALSE,FALSE,ok,ped,n/a,I35,FALSE,-97.669464,30.433304,2019
Motorcycle,58,1,19-2540190,7600 E US290 HWY WB,ID,September 11 2019,Sep,Wed,4,04:37,MC/ROR,driver,FALSE,FALSE,suspended,driver,no helmet,Other Highway,FALSE,-97.674895,30.221611,2019
Motorcycle,59,1,19-2560573,10100 E US 290 HWY SVRD WB,CH,September 13 2019,Sep,Fri,8,08:42,MV/MC,driver,FALSE,FALSE,ok,none,helmet worn,Other Highway,FALSE,-97.58065,30.34495,2019
Pedestrian,60,1,19-2661710,9000 S Congress Ave,FR,September 23 2019,Sep,Mon,20,20:00,MV/ped,n/a,FALSE,FALSE,ok,driver,n/a,high use road,FALSE,-97.788551,30.167279,2019
Motor Vehicle,61,1,19-2700846,E Parmer / Dessau Rd,ED,September 27 2019,Sep,Fri,11,11:27,MV/FO,driver,TRUE,TRUE,suspended,none,no seatbelt,high use road,FALSE,-97.648592,30.387004,2019
Pedestrian,62,1,19-2711895,421 E Yager Ln,ED,September 28 2019,Sep,Sat,22,22:12,MV/ped,n/a,FALSE,FALSE,unk,none,n/a,Local Street,FALSE,-97.666256,30.395757,2019
Motor Vehicle,63,1,19-2732043,7400 S IH 35 SB,FR,September 30 2019,Sep,Mon,23,23:58,MV/18 Wheeler,driver,FALSE,FALSE,ok,none,seatbelts worn,I35,FALSE,-97.776462,30.181906,2019
Pedestrian,64,1,19-2761969,7213 Cameron,ID,October 03 2019,Oct,Thu,22,22:39,Mv/ped,n/a,FALSE,FALSE,ok,ped,n/a,high use road,FALSE,-97.784272,30.23619,2019
Motor Vehicle,65,1,19-2650413,9900 S IH 35 NB,FR,September 22 2019,Sep,Sun,3,03:56,MV/FO,driver,FALSE,FALSE,no dl,driver,seatbelts worn,I35,FALSE,-97.790471,30.156324,2019
Pedestrian,66,1,19-2861035,1000 W Willian Cannon,FR,October 13 2019,Oct,Sun,15,15:32,MV/ped,n/a,FALSE,FALSE,Ok,none,n/a,high use road,FALSE,-97.793612,30.199257,2019
Motor Vehicle,67,1,19-2830834,E Stassney LN / S IH 35 SVRD NB,FR,October 17 2019,Oct,Thu,9,09:55,MV/MV,passenger,FALSE,TRUE,Ok,none,pending,high use road,FALSE,-97.763657,30.198195,2019
Motor Vehicle,68,1,19-2990061,9700 N IH 35 NB,ED,October 26 2019,Oct,Sat,0,00:23,MV/FO,Driver,,FALSE,ok,driver,unknown,Other Highway,FALSE,-97.774224,30.474036,2019
Motor Vehicle,69,1,19-3000691,10700 Burnet Rd.,AD,October 27 2019,Oct,Sun,8,08:44,MV/ROR,passenger,TRUE,FALSE,Ok,none,no seatbelt,high use road,FALSE,-97.721752,30.391173,2019
Motor Vehicle,70,1,19-3020781,4800 N IH 35 SVRD SB,BA,October 29 2019,Oct,Tue,13,13:37,MV/FO,driver,TRUE,FALSE,suspended,driver,seatbelts worn,I35,FALSE,-97.712186,30.307096,2019
Pedestrian,71,1,19-3102011,1413 W William Cannon,FR,November 06 2019,Nov,Wed,21,21:41,MV/PED,n/a,FALSE,FALSE,Ok,ped,n/a,high use road,FALSE,-97.798951,30.20037,2019
Pedestrian,72,1,19-3181630,1100 E 51st St,ID,November 14 2019,Nov,Thu,20,20:36,MV/PED,n/a,FALSE,FALSE,ok,none,n/a,high use road,FALSE,-97.709755,30.309108,2019
Motor Vehicle,73,1,19-3200312,8300 E US 290 SVRD EB,CH,November 16 2019,Nov,Sat,5,05:01,MV/FO,driver,TRUE,FALSE,Ok,driver,no seatbelt,Other Highway,FALSE,-97.665486,30.327217,2019
Motor Vehicle,74,1,19-3201421,5808 Burnet Rd,BA,November 16 2019,Nov,Sat,19,19:05,MV/MC,driver,TRUE,FALSE,ok,none,no helmet,high use road,FALSE,-97.739859,30.334491,2019
Pedestrian,75,1,19-3251584,800 Block E William Cannon Dr,FR,November 21 2019,Nov,Thu,19,19:18,MV/ped,n/a,FALSE,FALSE,ok,ped,n/a,high use road,FALSE,-97.771914,30.190949,2019
Motorcycle,76,1,19-3281398,1100 E Ben White Blvd Svrd WB,DA,November 24 2019,Nov,Sun,19,19:15,Mv/MC,driver,TRUE,FALSE,ok,driver,helmet worn,Other Highway,FALSE,-97.75373,30.217431,2019
Motor Vehicle,77,1,19-3341784,8500 S Congress ve,FR,November 30 2019,Nov,Sat,23,23:41,MV/MV,passenger,FALSE,FALSE,ok,driver,seatbelts worn,Local Street,FALSE,-97.785229,30.17311,2019
Motor Vehicle,78,1,19-3161144,6700 Johnny Morris,CH,November 12 2019,Nov,Tue,16,16:34,MV/MV,passenger,,FALSE,no dl,none,unk,Local Street,FALSE,-97.648197,30.300272,2019
Motor Vehicle,79,1,19-3400361,8700 W SH 71,DA,December 06 2019,Dec,Fri,6,06:53,MV/MV,driver,FALSE,FALSE,Ok,driver,seatbelts worn,Other Highway,FALSE,-97.895508,30.250479,2019
Motor Vehicle,80,1,19-3411777,9700 N IH 35 NB,ED,December 07 2019,Dec,Sat,21,21:29,MV/18 Wheeler,driver,FALSE,FALSE,Ok,driver,seatbelts worn,IH 35,FALSE,-97.685394,30.362224,2019
Pedestrian,81,1,19-3471756,2000 E Oltorf St,HE,December 13 2019,Dec,Fri,19,19:34,MV/Ped,N/A,FALSE,FALSE,ok,none,n/a,Local Street,FALSE,-97.733366,30.230846,2019
Pedestrian,82,1,19-3500150,6100 Cameron Rd,ID,December 16 2019,Dec,Mon,2,02:26,MV/ped,n/a,,FALSE,unk,unknown,n/a,Local Street,TRUE,-97.697831,30.318902,2019
Motor Vehicle,83,1,19-3510124,100 E Ben White Blvd SVRD EB,DA,December 17 2019,Dec,Tue,4,04:44,MV/FO,driver,TRUE,FALSE,Ok,driver,seatbelts worn,Other Highway,FALSE,-97.763598,30.223409,2019
Pedestrian,84,1,19-3530313,7600 W SH 71,DA,December 19 2019,Dec,Thu,6,06:53,MV/ped,n/a,FALSE,FALSE,pending,none,n/a,Other Highway,FALSE,-97.880916,30.240668,2019
Pedestrian,85,1,19-3560188,11200 Dessau,ED,December 22 2019,Dec,Sun,2,02:25,MV/ped,n/a,FALSE,FALSE,ok,none,n/a,high use road,FALSE,-97.665833,30.3725,2019
Pedestrian,86,1,19-3651208,6729 Manor,CH,December 31 2019,Dec,Tue,18,16:11,MV/ped,n/a,FALSE,FALSE,pending,ped,n/a,high use road,FALSE,-97.66682,30.310396,2019
